path,class
test/0419f656d61b42a6b2d567ed9ab6673f.jpg,0
test/1401fca7a89ef05e7cd9c154a33966f3.jpg,0
test/b62c7d59cd74dc1bc2eaa1b951cfd0a7.jpg,0
test/aba61896c1391587795060868f00f6e9.jpg,0
test/f9f863d9216a8ea3dfd22dc9775f31ff.jpg,0
test/8752552fe0ec0dee238ad361b07fc501.jpg,0
test/4baa8146de477ebafae4b3f46d5614c2.jpg,0
test/395e11b1214a0308f6a6e7834cebc379.jpg,0
test/d6086634ce334fe82400a173f0028306.jpg,0
test/fa218c0050ba94160ec0873ec80c4807.jpg,0
test/2f313143d05ede99c2458ba697161c1c.jpg,0
test/802716d5a05096b02621ad4eabf57812.jpg,0
test/bec04a0e1662c9c23365eb3a9e12a1d7.jpg,0
test/ae648d1b856a00e9150e84a0af1c1e71.jpg,0
test/627fcb8c133d1e30c067d31a92a79f02.jpg,0
test/ff1778ed14e5ac5be5217d410841750d.jpg,0
test/d6c4bc7127a99edbd4bcc615b771604d.jpg,0
test/e8d28df25bb2b713af60360bd29e1ab4.jpg,0
test/5f89e7991ccee7a66676616c8fc145e1.jpg,0
test/dc29b0ebe4538eeadc18ee811f942bd4.jpg,0
test/4eac12104d3956e84a8005dc25d6ac9d.jpg,0
test/757431282570c269922ad34645e4eb99.jpg,0
test/124db00b777b961fa8ca28fc05d7c130.jpg,0
test/5edeade7ca9e85efa46e1be268be129c.jpg,0
test/62795dabbbbe425b28275c4a0a601a63.jpg,0
test/61b29def40ee024890ebc2af8851a120.jpg,0
test/ebd1939d557a824d89e1017780d5a69c.jpg,0
test/7141dc0b260cb428c6c0bcb5e51426fc.jpg,0
test/ce37879c836f97bc460388ea7c8d828e.jpg,0
test/433e01b50e079af3f506c22537aaff30.jpg,0
test/09bbbd3f758e129a2692844e3b62d5a8.jpg,0
test/1c8ca620a06bf9ad124c29c180d95a6b.jpg,0
test/6a4e8af47c5b5b1412ce9a28a247d50e.jpg,0
test/6ff2bf5332ba76e0602d250f671d5b4e.jpg,0
test/3db10fa5700a75911c64410f35d7b94d.jpg,0
test/d4bb40dee633de3a610857f75d8fb037.jpg,0
test/9538a4aee92d00ecdba2b438588ca7c2.jpg,0
test/69bd574f793994d3590d08bd26007537.jpg,0
test/7a9027a09a9149fd901f97630a052b29.jpg,0
test/7d674bf463a465d09ecf941b8d593865.jpg,0
test/75f2660d690d5bc035c1f9d9424e253a.jpg,0
test/e9b0e006ca363a398d8f3b26c974d24a.jpg,0
test/066c695f141f27ea881df8af5a827c99.jpg,0
test/fb1e25b446c8174cc443c366a1d0e38b.jpg,0
test/a94edd16754e2a4e99f33e55ed2c8d2e.jpg,0
test/90d9a803b25a78b4dc2dcdf4c85a4b70.jpg,0
test/ff9974e9177a989100fae4b8c505cad5.jpg,0
test/c9ef804987778a3e0590e5e501f38b56.jpg,0
test/f10970a8037b7abdc2567d77ca30b14a.jpg,0
test/1b97666eaae94e70cba5e238017cab7a.jpg,0
test/81eba54e555030c678afe71bb81c3480.jpg,0
test/7be124ec367694c948c57d1e09181775.jpg,0
test/4cc32ad3e0e67676c4ec9fec34fa64fe.jpg,0
test/80240bbaff1ec05a37a61b2732732b10.jpg,0
test/a72e4b986609cd50953f4c070f9df9a0.jpg,0
test/6250695ca39f3d4e37303996a08a75e0.jpg,0
test/30f4c898ca9b0767801c410deb0d2617.jpg,0
test/def5ed8eda194f16fe75b17278d7dffd.jpg,0
test/62352815acbebb5bc9eebaf534d8f434.jpg,0
test/f55500934c8cc648bc9ae7b39cecf6bc.jpg,0
test/253df8c5a6ed19d8dcf26ea58c40094d.jpg,0
test/51a610fa467c9b6d0a0c9ebc87ebd6cd.jpg,0
test/5d7514af404266c3f92efcee8662f640.jpg,0
test/cfc368c752895985a7d4bf3cb64d630c.jpg,0
test/eafaa5fd38df370046f8b185488e7fa5.jpg,0
test/1ded9b835b61b963f13d6b4374ef2492.jpg,0
test/e4cbdeb3466f788bfa92e59ced37132b.jpg,0
test/a086181bbf71ba6b0eadbcfb68ce10d3.jpg,0
test/1a3f888928097b855e49c1926b94a5dc.jpg,0
test/cc8eae9b484e1b8199c928be106d946e.jpg,0
test/f2cd6c805f084ce28812a62a0a582e7a.jpg,0
test/baf661408b8ad2c99d878ff64c0ac18d.jpg,0
test/2aeb7856890c8dc0e0b311077d386690.jpg,0
test/d72ad0ed59de6b2715fc967a56230fbb.jpg,0
test/b64c45c9bdffb475ad76641a8f111c49.jpg,0
test/ddfe9b3fd10abc7e11d7479ea32ec569.jpg,0
test/9e37ae8bf11600a30afcd592d73a4be1.jpg,0
test/d30c1395768c0bc18529d9a5429aaaf9.jpg,0
test/91409b182fe012ec4a4ffde63bf4f3e1.jpg,0
test/5789a84b08a72667f6ed1dc0e1400778.jpg,0
test/34d68f0a8eda8aadc568c1fd14b222b9.jpg,0
test/1570cbe2a81dd646e94bf5e4e3b1f2b1.jpg,0
test/eb3e8701367c730dbdd6dc9298ebea61.jpg,0
test/954571024b5f8c43df1e7c4ba5939acd.jpg,0
test/0930125614a5dbbb8e5c5ee450586a13.jpg,0
test/b0322b716be09e89ac21c22874194836.jpg,0
test/7457b846fc17229e61aea790bab3c88a.jpg,0
test/356d8576837338e82cf363d2dc7747c0.jpg,0
test/3b6365d6ab144b660c0b477442782fa5.jpg,0
test/4d05406e038cc708cccb6fc4951e8d83.jpg,0
test/cf042dd7addc3894b78063b90016ec03.jpg,0
test/57ee38ea85a63fb8766d5d9f74aafb71.jpg,0
test/db1ada5a60a1562ac68263444a2595be.jpg,0
test/6739b35e5a470fdb37862fb2bc5251ef.jpg,0
test/3acbdbd78d3270f626fa9eac8c182bb3.jpg,0
test/386f1418e664eab461ea243e85c19d3c.jpg,0
test/40a36d9651cfea55d24da0613208c527.jpg,0
test/0ea9451a8de9cf7581835ccb20940174.jpg,0
test/2b96ccd24db32c2c47581afde8d42722.jpg,0
test/a0a1c93b23171e19bcef8fa6949e5116.jpg,0
test/f0a70d450423aa8c88d87a0a0c9c1acf.jpg,0
test/63f9f7dc8298317284bf7dbf2074b3ba.jpg,0
test/c46b7fbc302d77a3b0227822c6f28cda.jpg,0
test/adaf348564dd71ae2c318378d5f60051.jpg,0
test/6f13f51f98bd1e2332bfa6f1c1c5ff14.jpg,0
test/02a43a441f5c71ab9ff8ecab1f33ca49.jpg,0
test/3ebdcb08e93555fead046ddabddd3350.jpg,0
test/3f7a8b1ae0bc3d5d82e1240f810ce47d.jpg,0
test/9757cb207b7e4bb8bd0bae284020f166.jpg,0
test/2b6da117b6b37e8fa1d48cddec05b5b2.jpg,0
test/050aab9a8a91dca8ed1e518ebf42ee0d.jpg,0
test/ef65f3c695a4860d03d29b9359f0ed05.jpg,0
test/766f0049a40eea217328d2975312d3e0.jpg,0
test/99043f3239c13157c6f90db35fb7d412.jpg,0
test/7911da38a55c13ad65ee761999873d82.jpg,0
test/21fe41471f49f75b7a8fec97e7914e07.jpg,0
test/4b8b36da0de861862b49b1886c3c3109.jpg,0
test/f569b1a23f84ff157dafe6f8f73c8737.jpg,0
test/b8ebfa32f6ba5c7c50b63bc1c0108361.jpg,0
test/a67cad73fd03d2d5cef3a81bf78ed0a3.jpg,0
test/0cc36cf65da889e22fe9264c3079c459.jpg,0
test/4aa43e160ee667c2deb922cd371204bc.jpg,0
test/05a006ebd8667a39988a253b10956bb7.jpg,0
test/aa9c4c054d9935042563309d07ccdaef.jpg,0
test/5bbe28f7cf6ee6453caad79db64ba7c0.jpg,0
test/7fe25c5c90c4f447fe3fa10adf4232cd.jpg,0
test/6f93c871d9b1469bec963639ea58fe82.jpg,0
test/0abad4440c4415b9707f11151762526c.jpg,0
test/0b63fb15f9c403994e140b5a000088be.jpg,0
test/45242c276cd516adb93561503a2f6ed7.jpg,0
test/b9ea06b2cdf8e72dca0f415d1525d7d5.jpg,0
test/c60d3c01fee2ed317790da3f7d510d4a.jpg,0
test/12c90c522b52cdc2a5c4d460960163e8.jpg,0
test/fd10326c4302dd9d722a6a247ad22afd.jpg,0
test/571d8914dd5d1b7e5a493b167ee49ce6.jpg,0
test/9cecedb8bfe67dbbc76d7723c3b4de43.jpg,0
test/a3c4f639c87e59383cfec1062b0ebd1b.jpg,0
test/be8a535960c82e4332eed118196f7d56.jpg,0
test/b59690d2999ededa3012570e6401a258.jpg,0
test/e19d91dc4bb0619953da8ef809dd6727.jpg,0
test/1fa59ad4144c5f668e92b8ab6a0043f8.jpg,0
test/508bc40d51bc31a77507595e528155e9.jpg,0
test/f400677842675240319e69bc2e5998eb.jpg,0
test/98b83106dcaeeb585913fb59c8525757.jpg,0
test/210d3833b9c3b0613e6c03a33b01d13a.jpg,0
test/1b9471eefb6f3951f127beb69ef5a584.jpg,0
test/b3f97064fed7b66b154dc84b68d79716.jpg,0
test/9129e0d08ecc8343ba0d45b297cb19d2.jpg,0
test/e683235e75b9e27ccf269006c21684e3.jpg,0
test/7855d33398a070b855381b5c0022a12a.jpg,0
test/e7299b9187f09e190127873fb0725e1c.jpg,0
test/bd8941cb7e847f3c8e1ea50084e8e978.jpg,0
test/f9d5513079dfa5dd43c3c996aeebd88b.jpg,0
test/3037a9c243c43addf623e9609a09515c.jpg,0
test/b0d111a7c355e47d040ba1f2282c04cb.jpg,0
test/d5d52493c4ac9b5cfac5b7d1d50edc9a.jpg,0
test/a2fec0c55e7c73d27fac134b9074846e.jpg,0
test/4b71b5a2fa94a71b0581c6650a0f8d0a.jpg,0
test/37d329f08d105885c3e5d658921356c6.jpg,0
test/d9158bb9ab1810deaf519d826959bb4c.jpg,0
test/f550965cf9cc6f07184923a32d728e94.jpg,0
test/f64227947027b043f80c6b200b0b4523.jpg,0
test/b52fbc88bc83acea1b0d374ccb460178.jpg,0
test/8189cbaa92299ea536be3ad23ddf1d00.jpg,0
test/92f3902436b1862d6648fa244baea96a.jpg,0
test/9ce02d377794f9103c107a80f660c562.jpg,0
test/ca68371ad50fa0575b1fac8c5796fbfb.jpg,0
test/897c7be0d09ce1e992ab8e68fc3194f6.jpg,0
test/84c8aadbabbeb753042593faffa4e376.jpg,0
test/2f180924cbcb4fef31c4eafdd1377a8d.jpg,0
test/9803fa77a01d28b1be669c4f2dc1a9d2.jpg,0
test/80b2881e21c9323d2693fb73baa063ee.jpg,0
test/f81a39ee4b311be9eb5aac2ba1cbaffd.jpg,0
test/383f5f3edc4dd305ba0d1eb57ac55892.jpg,0
test/b00473a9f517bbfc5923c95288b40ff2.jpg,0
test/f4f7ec6332cab9c706e12fa8aaed4a6c.jpg,0
test/14f7ac8a7c0b0568f45dd83aee93d14b.jpg,0
test/b2de8a56b1fbbee32afbe72d823f8a5a.jpg,0
test/3dbb4fcf817656a9a865f3ea33f07a6a.jpg,0
test/3c878583ea3cd5128599085fd20d162d.jpg,0
test/1a0f819be4dce50a5372679b36c2777f.jpg,0
test/48dc3c3c0038b87e330d7692cae4b0ff.jpg,0
test/e4d643544391d8c00db061075616e1b9.jpg,0
test/84f8d91c9170c3ee8de534f36f5b4d90.jpg,0
test/fe6ba3df4ec47d2107d4aed4844d0ca9.jpg,0
test/a3c9175c79d68d3a8aaf8719e59519d0.jpg,0
test/d0bc0f8b0754ea0f5c8736c769aaebaa.jpg,0
test/01ab0c4e74e5cefbc25e78e8b2b4b30d.jpg,0
test/433a57b6d7767b974279ef8fcd49cc16.jpg,0
test/50b382a8b04c0da07f82216583e3f42c.jpg,0
test/ffe56e1e84047ba47c423fc9937924c1.jpg,0
test/0967287cbb2b14ed9dc1ec6a1a53b21d.jpg,0
test/c1adb1337eba00e584e3704af99d291c.jpg,0
test/0a5067c35b854ce7213e433d12ea500d.jpg,0
test/95ac3b0debba83ee706b4edef03ee2c2.jpg,0
test/7678977975a2ab3fc51efbafd0baca37.jpg,0
test/3bbb37d5a6e3167683f57196ace2b4cd.jpg,0
test/a3961bcb81ef2cad2e3c7c1cd14c261d.jpg,0
test/cd0e83983e36613ec5b154d2d6ddb0d1.jpg,0
test/eeafa2dc92d9548501c2bf1f4ef781ff.jpg,0
